{"id":"2465633","name":"465633 (2009 JR5)","sizeMin":225.1930466786,"sizeMax":503.5469604336,"velocity":65260.6371983344,"missDistance":45290438.20445262}